caption,relative_date,rating,username,n_review_user,n_photo_user,url_user
Best place for timepass rather than studying. Placements! Forget about that in this college.,8 months ago,3
Very big and most popular college in haliyal best green and clean atmosphere,6 years ago,4
No principal and faculty and even lectures are appointed there own needs Don't think this is a enginnering college please join another college worst in my life I this join college...all around traveling 1 hour,a year ago,1
We are 3 years champions in kho kho at VDIT.....Under G S Yallur sir,3 years ago,4
Its one of best engineering college in north karnatak which was certified by AICTC  here totally 5 engineering course for every student build there curriers in brighter way because about more than 50 companies come for recruitment the …,2 years ago,5
"Very good environment for engineering studies.  Very good faculty.  It's under umbrella of Gogte Institute of technology Belagavi.  College busses available for Hubli,  Dharwad.",a year ago,5
I was at VDIT on 13/02/2020 to attend one of the exam which was held. The arrangement or the quality of arrangement was poor. Aspirents invest everything in preparing for the exams. …,3 years ago,1
"I belong to the 2014-2018 batch , and I have never seen a college as worst as this. The principal is the worst person and has completely destroyed the environment of the institute.Our batch hasn't received any farewell as the principal was …",5 years ago,1
Its an institution with lush green campus which facilitates a very good environment for learning. A developmental positive mindset of Head of the institution and faculties wish to offer their sincere service to students.,3 years ago,5
"Best environment/staff & college. Good infrastructure, placements depends on u. Cool nature, full greenery, admist forest. Reasonable stay+food+ tution costs.",5 years ago,5
"A pretty decent Engineering College and a good option to students staying in Belgaum, Dharwad, Dandeli and Goa. …",8 years ago,4
"Good college nice campus, but no good students. They just join this college for enjoyment in dandeli. Rich kids poor values.",2 years ago,3
"Very good college, The campus and hostel is also very nice.Good faculty with highly qualified and experience.One of the popular engineering college in North Karnataka.",3 years ago,5
"We were  4th batch to pass out from here.  Bus facility was started to Dwd and dandeli from our batch. During our tenture we had only 4 branches(mech, Cse, ene, and enc). It's overall good college and still improving alot in infrastructure.",6 years ago,3
About College  Basic information about the college …,5 years ago,4
"One of the worst college ever so please don't join,",a month ago,1
Super college.. Looking is beautiful. All study materials are available in college campus. Available many branches.. Graduate college teachers..,4 years ago,5
Good😊 …,6 years ago,5
Best place for timepass rather than studying. Placements! Forget about that in this college.,8 months ago,3
Very big and most popular college in haliyal best green and clean atmosphere,6 years ago,4
No principal and faculty and even lectures are appointed there own needs Don't think this is a enginnering college please join another college worst in my life I this join college...all around traveling 1 hour,a year ago,1
We are 3 years champions in kho kho at VDIT.....Under G S Yallur sir,3 years ago,4
Its one of best engineering college in north karnatak which was certified by AICTC  here totally 5 engineering course for every student build there curriers in brighter way because about more than 50 companies come for recruitment the …,2 years ago,5
"Very good environment for engineering studies.  Very good faculty.  It's under umbrella of Gogte Institute of technology Belagavi.  College busses available for Hubli,  Dharwad.",a year ago,5
I was at VDIT on 13/02/2020 to attend one of the exam which was held. The arrangement or the quality of arrangement was poor. Aspirents invest everything in preparing for the exams. …,3 years ago,1
"I belong to the 2014-2018 batch , and I have never seen a college as worst as this. The principal is the worst person and has completely destroyed the environment of the institute.Our batch hasn't received any farewell as the principal was …",5 years ago,1
Its an institution with lush green campus which facilitates a very good environment for learning. A developmental positive mindset of Head of the institution and faculties wish to offer their sincere service to students.,3 years ago,5
"Best environment/staff & college. Good infrastructure, placements depends on u. Cool nature, full greenery, admist forest. Reasonable stay+food+ tution costs.",5 years ago,5
"A pretty decent Engineering College and a good option to students staying in Belgaum, Dharwad, Dandeli and Goa. …",8 years ago,4
"Good college nice campus, but no good students. They just join this college for enjoyment in dandeli. Rich kids poor values.",2 years ago,3
"Very good college, The campus and hostel is also very nice.Good faculty with highly qualified and experience.One of the popular engineering college in North Karnataka.",3 years ago,5
"We were  4th batch to pass out from here.  Bus facility was started to Dwd and dandeli from our batch. During our tenture we had only 4 branches(mech, Cse, ene, and enc). It's overall good college and still improving alot in infrastructure.",6 years ago,3
About College  Basic information about the college …,5 years ago,4
"One of the worst college ever so please don't join,",a month ago,1
Super college.. Looking is beautiful. All study materials are available in college campus. Available many branches.. Graduate college teachers..,4 years ago,5
Good😊 …,6 years ago,5
Peaceful and green environment with experience leactures staff will improve your goal mentally and physically,7 years ago,5
Worst college for studying No usefull facilities are provided to the students,4 years ago,1
A Great Education Center for those who wants to become a successful in life. 🙏🙏🙏 …,a year ago,5
"Good teaching staff,nice placement,big ground,library",2 years ago,4
"Nice Management , excellent faculties, very inspiring staff..",3 years ago,5
Very good opportunity for technocrats to build their choice of engineering,3 years ago,5
Worst college i have ever visited,a year ago,1
Good place ❤️best college,2 years ago,4
Worst college ever not only in engineering,6 years ago,1
My clg .. ✌️❣️😍...with one of the best memories..ever😅👌 …,3 years ago,5
Best place for timepass rather than studying. Placements! Forget about that in this college.,8 months ago,3
Very big and most popular college in haliyal best green and clean atmosphere,6 years ago,4
No principal and faculty and even lectures are appointed there own needs Don't think this is a enginnering college please join another college worst in my life I this join college...all around traveling 1 hour,a year ago,1
We are 3 years champions in kho kho at VDIT.....Under G S Yallur sir,3 years ago,4
Its one of best engineering college in north karnatak which was certified by AICTC  here totally 5 engineering course for every student build there curriers in brighter way because about more than 50 companies come for recruitment the …,2 years ago,5
"Very good environment for engineering studies.  Very good faculty.  It's under umbrella of Gogte Institute of technology Belagavi.  College busses available for Hubli,  Dharwad.",a year ago,5
I was at VDIT on 13/02/2020 to attend one of the exam which was held. The arrangement or the quality of arrangement was poor. Aspirents invest everything in preparing for the exams. …,3 years ago,1
"I belong to the 2014-2018 batch , and I have never seen a college as worst as this. The principal is the worst person and has completely destroyed the environment of the institute.Our batch hasn't received any farewell as the principal was …",5 years ago,1
Its an institution with lush green campus which facilitates a very good environment for learning. A developmental positive mindset of Head of the institution and faculties wish to offer their sincere service to students.,3 years ago,5
"Best environment/staff & college. Good infrastructure, placements depends on u. Cool nature, full greenery, admist forest. Reasonable stay+food+ tution costs.",5 years ago,5
"A pretty decent Engineering College and a good option to students staying in Belgaum, Dharwad, Dandeli and Goa. …",8 years ago,4
"Good college nice campus, but no good students. They just join this college for enjoyment in dandeli. Rich kids poor values.",2 years ago,3
"Very good college, The campus and hostel is also very nice.Good faculty with highly qualified and experience.One of the popular engineering college in North Karnataka.",3 years ago,5
"We were  4th batch to pass out from here.  Bus facility was started to Dwd and dandeli from our batch. During our tenture we had only 4 branches(mech, Cse, ene, and enc). It's overall good college and still improving alot in infrastructure.",6 years ago,3
About College  Basic information about the college …,5 years ago,4
"One of the worst college ever so please don't join,",a month ago,1
Super college.. Looking is beautiful. All study materials are available in college campus. Available many branches.. Graduate college teachers..,4 years ago,5
Good😊 …,6 years ago,5
Peaceful and green environment with experience leactures staff will improve your goal mentally and physically,7 years ago,5
Worst college for studying No usefull facilities are provided to the students,4 years ago,1
A Great Education Center for those who wants to become a successful in life. 🙏🙏🙏 …,a year ago,5
"Good teaching staff,nice placement,big ground,library",2 years ago,4
"Nice Management , excellent faculties, very inspiring staff..",3 years ago,5
Very good opportunity for technocrats to build their choice of engineering,3 years ago,5
Worst college i have ever visited,a year ago,1
Good place ❤️best college,2 years ago,4
Worst college ever not only in engineering,6 years ago,1
My clg .. ✌️❣️😍...with one of the best memories..ever😅👌 …,3 years ago,5
One of the top engineering college in North Kartanataka,6 years ago,5
Classes of all dept except civil are conducted here,6 years ago,4
Good infrastructure and campus,a year ago,5
Good in education but...placement problem????,a year ago,5
"Yes, the best ever ❤️ thanks for everything",3 years ago,5
No supportive teachers and no campus visits,7 years ago,2
"It was great experience at vdrit,,,  Unforgettable days and memories,,,",7 years ago,5
Just awesome and very disciplined,2 years ago,5
Good to know where i am helping me when i lost,10 years ago,3
Very good,3 years ago,4
Best place for timepass rather than studying. Placements! Forget about that in this college.,8 months ago,3
Very big and most popular college in haliyal best green and clean atmosphere,6 years ago,4
No principal and faculty and even lectures are appointed there own needs Don't think this is a enginnering college please join another college worst in my life I this join college...all around traveling 1 hour,a year ago,1
We are 3 years champions in kho kho at VDIT.....Under G S Yallur sir,3 years ago,4
Its one of best engineering college in north karnatak which was certified by AICTC  here totally 5 engineering course for every student build there curriers in brighter way because about more than 50 companies come for recruitment the …,2 years ago,5
"Very good environment for engineering studies.  Very good faculty.  It's under umbrella of Gogte Institute of technology Belagavi.  College busses available for Hubli,  Dharwad.",a year ago,5
I was at VDIT on 13/02/2020 to attend one of the exam which was held. The arrangement or the quality of arrangement was poor. Aspirents invest everything in preparing for the exams. …,3 years ago,1
"I belong to the 2014-2018 batch , and I have never seen a college as worst as this. The principal is the worst person and has completely destroyed the environment of the institute.Our batch hasn't received any farewell as the principal was …",5 years ago,1
Its an institution with lush green campus which facilitates a very good environment for learning. A developmental positive mindset of Head of the institution and faculties wish to offer their sincere service to students.,3 years ago,5
"Best environment/staff & college. Good infrastructure, placements depends on u. Cool nature, full greenery, admist forest. Reasonable stay+food+ tution costs.",5 years ago,5
"A pretty decent Engineering College and a good option to students staying in Belgaum, Dharwad, Dandeli and Goa. …",8 years ago,4
"Good college nice campus, but no good students. They just join this college for enjoyment in dandeli. Rich kids poor values.",2 years ago,3
"Very good college, The campus and hostel is also very nice.Good faculty with highly qualified and experience.One of the popular engineering college in North Karnataka.",3 years ago,5
"We were  4th batch to pass out from here.  Bus facility was started to Dwd and dandeli from our batch. During our tenture we had only 4 branches(mech, Cse, ene, and enc). It's overall good college and still improving alot in infrastructure.",6 years ago,3
About College  Basic information about the college …,5 years ago,4
"One of the worst college ever so please don't join,",a month ago,1
Super college.. Looking is beautiful. All study materials are available in college campus. Available many branches.. Graduate college teachers..,4 years ago,5
Good😊 …,6 years ago,5
Peaceful and green environment with experience leactures staff will improve your goal mentally and physically,7 years ago,5
Worst college for studying No usefull facilities are provided to the students,4 years ago,1
A Great Education Center for those who wants to become a successful in life. 🙏🙏🙏 …,a year ago,5
"Good teaching staff,nice placement,big ground,library",2 years ago,4
"Nice Management , excellent faculties, very inspiring staff..",3 years ago,5
Very good opportunity for technocrats to build their choice of engineering,3 years ago,5
Worst college i have ever visited,a year ago,1
Good place ❤️best college,2 years ago,4
Worst college ever not only in engineering,6 years ago,1
My clg .. ✌️❣️😍...with one of the best memories..ever😅👌 …,3 years ago,5
One of the top engineering college in North Kartanataka,6 years ago,5
Classes of all dept except civil are conducted here,6 years ago,4
Good infrastructure and campus,a year ago,5
Good in education but...placement problem????,a year ago,5
"Yes, the best ever ❤️ thanks for everything",3 years ago,5
No supportive teachers and no campus visits,7 years ago,2
"It was great experience at vdrit,,,  Unforgettable days and memories,,,",7 years ago,5
Just awesome and very disciplined,2 years ago,5
Good to know where i am helping me when i lost,10 years ago,3
Very good,3 years ago,4
Ok ok,3 years ago,3
its in haliyal or in hubli plz tel...,8 years ago,1
worst college ever,4 years ago,1
Best 👍 …,3 years ago,5
Worst.,2 years ago,1
Good for hard workers,3 years ago,3
Engineering college in Haliyal,6 years ago,4
Francis Dandeli,3 years ago,5
Good,2 years ago,5
nice in rural area,6 years ago,4
Best place for timepass rather than studying. Placements! Forget about that in this college.,8 months ago,3
Very big and most popular college in haliyal best green and clean atmosphere,6 years ago,4
No principal and faculty and even lectures are appointed there own needs Don't think this is a enginnering college please join another college worst in my life I this join college...all around traveling 1 hour,a year ago,1
We are 3 years champions in kho kho at VDIT.....Under G S Yallur sir,3 years ago,4
Its one of best engineering college in north karnatak which was certified by AICTC  here totally 5 engineering course for every student build there curriers in brighter way because about more than 50 companies come for recruitment the …,2 years ago,5
"Very good environment for engineering studies.  Very good faculty.  It's under umbrella of Gogte Institute of technology Belagavi.  College busses available for Hubli,  Dharwad.",a year ago,5
I was at VDIT on 13/02/2020 to attend one of the exam which was held. The arrangement or the quality of arrangement was poor. Aspirents invest everything in preparing for the exams. …,3 years ago,1
"I belong to the 2014-2018 batch , and I have never seen a college as worst as this. The principal is the worst person and has completely destroyed the environment of the institute.Our batch hasn't received any farewell as the principal was …",5 years ago,1
Its an institution with lush green campus which facilitates a very good environment for learning. A developmental positive mindset of Head of the institution and faculties wish to offer their sincere service to students.,3 years ago,5
"Best environment/staff & college. Good infrastructure, placements depends on u. Cool nature, full greenery, admist forest. Reasonable stay+food+ tution costs.",5 years ago,5
"A pretty decent Engineering College and a good option to students staying in Belgaum, Dharwad, Dandeli and Goa. …",8 years ago,4
"Good college nice campus, but no good students. They just join this college for enjoyment in dandeli. Rich kids poor values.",2 years ago,3
"Very good college, The campus and hostel is also very nice.Good faculty with highly qualified and experience.One of the popular engineering college in North Karnataka.",3 years ago,5
"We were  4th batch to pass out from here.  Bus facility was started to Dwd and dandeli from our batch. During our tenture we had only 4 branches(mech, Cse, ene, and enc). It's overall good college and still improving alot in infrastructure.",6 years ago,3
About College  Basic information about the college …,5 years ago,4
"One of the worst college ever so please don't join,",a month ago,1
Super college.. Looking is beautiful. All study materials are available in college campus. Available many branches.. Graduate college teachers..,4 years ago,5
Good😊 …,6 years ago,5
Peaceful and green environment with experience leactures staff will improve your goal mentally and physically,7 years ago,5
Worst college for studying No usefull facilities are provided to the students,4 years ago,1
A Great Education Center for those who wants to become a successful in life. 🙏🙏🙏 …,a year ago,5
"Good teaching staff,nice placement,big ground,library",2 years ago,4
"Nice Management , excellent faculties, very inspiring staff..",3 years ago,5
Very good opportunity for technocrats to build their choice of engineering,3 years ago,5
Worst college i have ever visited,a year ago,1
Good place ❤️best college,2 years ago,4
Worst college ever not only in engineering,6 years ago,1
My clg .. ✌️❣️😍...with one of the best memories..ever😅👌 …,3 years ago,5
One of the top engineering college in North Kartanataka,6 years ago,5
Classes of all dept except civil are conducted here,6 years ago,4
Good infrastructure and campus,a year ago,5
Good in education but...placement problem????,a year ago,5
"Yes, the best ever ❤️ thanks for everything",3 years ago,5
No supportive teachers and no campus visits,7 years ago,2
"It was great experience at vdrit,,,  Unforgettable days and memories,,,",7 years ago,5
Just awesome and very disciplined,2 years ago,5
Good to know where i am helping me when i lost,10 years ago,3
Very good,3 years ago,4
Ok ok,3 years ago,3
its in haliyal or in hubli plz tel...,8 years ago,1
worst college ever,4 years ago,1
Best 👍 …,3 years ago,5
Worst.,2 years ago,1
Good for hard workers,3 years ago,3
Engineering college in Haliyal,6 years ago,4
Francis Dandeli,3 years ago,5
Good,2 years ago,5
nice in rural area,6 years ago,4
Good managment.,2 years ago,3
Good infrastructure,2 years ago,4
Pretty good.,7 years ago,3
Super,a year ago,5
It was awesome 👌 …,3 years ago,5
Average,3 years ago,5
Yep,5 years ago,4
Good place to visit,3 years ago,3
Supper,9 years ago,5
Good Education,2 years ago,2
Best place for timepass rather than studying. Placements! Forget about that in this college.,8 months ago,3
Very big and most popular college in haliyal best green and clean atmosphere,6 years ago,4
No principal and faculty and even lectures are appointed there own needs Don't think this is a enginnering college please join another college worst in my life I this join college...all around traveling 1 hour,a year ago,1
We are 3 years champions in kho kho at VDIT.....Under G S Yallur sir,3 years ago,4
Its one of best engineering college in north karnatak which was certified by AICTC  here totally 5 engineering course for every student build there curriers in brighter way because about more than 50 companies come for recruitment the …,2 years ago,5
"Very good environment for engineering studies.  Very good faculty.  It's under umbrella of Gogte Institute of technology Belagavi.  College busses available for Hubli,  Dharwad.",a year ago,5
I was at VDIT on 13/02/2020 to attend one of the exam which was held. The arrangement or the quality of arrangement was poor. Aspirents invest everything in preparing for the exams. …,3 years ago,1
"I belong to the 2014-2018 batch , and I have never seen a college as worst as this. The principal is the worst person and has completely destroyed the environment of the institute.Our batch hasn't received any farewell as the principal was …",5 years ago,1
Its an institution with lush green campus which facilitates a very good environment for learning. A developmental positive mindset of Head of the institution and faculties wish to offer their sincere service to students.,3 years ago,5
"Best environment/staff & college. Good infrastructure, placements depends on u. Cool nature, full greenery, admist forest. Reasonable stay+food+ tution costs.",5 years ago,5
"A pretty decent Engineering College and a good option to students staying in Belgaum, Dharwad, Dandeli and Goa. …",8 years ago,4
"Good college nice campus, but no good students. They just join this college for enjoyment in dandeli. Rich kids poor values.",2 years ago,3
"Very good college, The campus and hostel is also very nice.Good faculty with highly qualified and experience.One of the popular engineering college in North Karnataka.",3 years ago,5
"We were  4th batch to pass out from here.  Bus facility was started to Dwd and dandeli from our batch. During our tenture we had only 4 branches(mech, Cse, ene, and enc). It's overall good college and still improving alot in infrastructure.",6 years ago,3
About College  Basic information about the college …,5 years ago,4
"One of the worst college ever so please don't join,",a month ago,1
Super college.. Looking is beautiful. All study materials are available in college campus. Available many branches.. Graduate college teachers..,4 years ago,5
Good😊 …,6 years ago,5
Peaceful and green environment with experience leactures staff will improve your goal mentally and physically,7 years ago,5
Worst college for studying No usefull facilities are provided to the students,4 years ago,1
A Great Education Center for those who wants to become a successful in life. 🙏🙏🙏 …,a year ago,5
"Good teaching staff,nice placement,big ground,library",2 years ago,4
"Nice Management , excellent faculties, very inspiring staff..",3 years ago,5
Very good opportunity for technocrats to build their choice of engineering,3 years ago,5
Worst college i have ever visited,a year ago,1
Good place ❤️best college,2 years ago,4
Worst college ever not only in engineering,6 years ago,1
My clg .. ✌️❣️😍...with one of the best memories..ever😅👌 …,3 years ago,5
One of the top engineering college in North Kartanataka,6 years ago,5
Classes of all dept except civil are conducted here,6 years ago,4
Good infrastructure and campus,a year ago,5
Good in education but...placement problem????,a year ago,5
"Yes, the best ever ❤️ thanks for everything",3 years ago,5
No supportive teachers and no campus visits,7 years ago,2
"It was great experience at vdrit,,,  Unforgettable days and memories,,,",7 years ago,5
Just awesome and very disciplined,2 years ago,5
Good to know where i am helping me when i lost,10 years ago,3
Very good,3 years ago,4
Ok ok,3 years ago,3
its in haliyal or in hubli plz tel...,8 years ago,1
worst college ever,4 years ago,1
Best 👍 …,3 years ago,5
Worst.,2 years ago,1
Good for hard workers,3 years ago,3
Engineering college in Haliyal,6 years ago,4
Francis Dandeli,3 years ago,5
Good,2 years ago,5
nice in rural area,6 years ago,4
Good managment.,2 years ago,3
Good infrastructure,2 years ago,4
Pretty good.,7 years ago,3
Super,a year ago,5
It was awesome 👌 …,3 years ago,5
Average,3 years ago,5
Yep,5 years ago,4
Good place to visit,3 years ago,3
Supper,9 years ago,5
Good Education,2 years ago,2
Good instut,5 years ago,5
Good,2 years ago,5
Worst,2 years ago,1
GOOD,2 years ago,5
Worst,3 years ago,1
Good,3 years ago,5
Good,3 years ago,5
Good,7 years ago,5
Haleyal. To. Yalapur,2 years ago,5
Full tacts you have,3 years ago,1
Best place for timepass rather than studying. Placements! Forget about that in this college.,8 months ago,3
Very big and most popular college in haliyal best green and clean atmosphere,6 years ago,4
No principal and faculty and even lectures are appointed there own needs Don't think this is a enginnering college please join another college worst in my life I this join college...all around traveling 1 hour,a year ago,1
We are 3 years champions in kho kho at VDIT.....Under G S Yallur sir,3 years ago,4
Its one of best engineering college in north karnatak which was certified by AICTC  here totally 5 engineering course for every student build there curriers in brighter way because about more than 50 companies come for recruitment the …,2 years ago,5
"Very good environment for engineering studies.  Very good faculty.  It's under umbrella of Gogte Institute of technology Belagavi.  College busses available for Hubli,  Dharwad.",a year ago,5
I was at VDIT on 13/02/2020 to attend one of the exam which was held. The arrangement or the quality of arrangement was poor. Aspirents invest everything in preparing for the exams. …,3 years ago,1
"I belong to the 2014-2018 batch , and I have never seen a college as worst as this. The principal is the worst person and has completely destroyed the environment of the institute.Our batch hasn't received any farewell as the principal was …",5 years ago,1
Its an institution with lush green campus which facilitates a very good environment for learning. A developmental positive mindset of Head of the institution and faculties wish to offer their sincere service to students.,3 years ago,5
"Best environment/staff & college. Good infrastructure, placements depends on u. Cool nature, full greenery, admist forest. Reasonable stay+food+ tution costs.",5 years ago,5
"A pretty decent Engineering College and a good option to students staying in Belgaum, Dharwad, Dandeli and Goa. …",8 years ago,4
"Good college nice campus, but no good students. They just join this college for enjoyment in dandeli. Rich kids poor values.",2 years ago,3
"Very good college, The campus and hostel is also very nice.Good faculty with highly qualified and experience.One of the popular engineering college in North Karnataka.",3 years ago,5
"We were  4th batch to pass out from here.  Bus facility was started to Dwd and dandeli from our batch. During our tenture we had only 4 branches(mech, Cse, ene, and enc). It's overall good college and still improving alot in infrastructure.",6 years ago,3
About College  Basic information about the college …,5 years ago,4
"One of the worst college ever so please don't join,",a month ago,1
Super college.. Looking is beautiful. All study materials are available in college campus. Available many branches.. Graduate college teachers..,4 years ago,5
Good😊 …,6 years ago,5
Peaceful and green environment with experience leactures staff will improve your goal mentally and physically,7 years ago,5
Worst college for studying No usefull facilities are provided to the students,4 years ago,1
A Great Education Center for those who wants to become a successful in life. 🙏🙏🙏 …,a year ago,5
"Good teaching staff,nice placement,big ground,library",2 years ago,4
"Nice Management , excellent faculties, very inspiring staff..",3 years ago,5
Very good opportunity for technocrats to build their choice of engineering,3 years ago,5
Worst college i have ever visited,a year ago,1
Good place ❤️best college,2 years ago,4
Worst college ever not only in engineering,6 years ago,1
My clg .. ✌️❣️😍...with one of the best memories..ever😅👌 …,3 years ago,5
One of the top engineering college in North Kartanataka,6 years ago,5
Classes of all dept except civil are conducted here,6 years ago,4
Good infrastructure and campus,a year ago,5
Good in education but...placement problem????,a year ago,5
"Yes, the best ever ❤️ thanks for everything",3 years ago,5
No supportive teachers and no campus visits,7 years ago,2
"It was great experience at vdrit,,,  Unforgettable days and memories,,,",7 years ago,5
Just awesome and very disciplined,2 years ago,5
Good to know where i am helping me when i lost,10 years ago,3
Very good,3 years ago,4
Ok ok,3 years ago,3
its in haliyal or in hubli plz tel...,8 years ago,1
worst college ever,4 years ago,1
Best 👍 …,3 years ago,5
Worst.,2 years ago,1
Good for hard workers,3 years ago,3
Engineering college in Haliyal,6 years ago,4
Francis Dandeli,3 years ago,5
Good,2 years ago,5
nice in rural area,6 years ago,4
Good managment.,2 years ago,3
Good infrastructure,2 years ago,4
Pretty good.,7 years ago,3
Super,a year ago,5
It was awesome 👌 …,3 years ago,5
Average,3 years ago,5
Yep,5 years ago,4
Good place to visit,3 years ago,3
Supper,9 years ago,5
Good Education,2 years ago,2
Good instut,5 years ago,5
Good,2 years ago,5
Worst,2 years ago,1
GOOD,2 years ago,5
Worst,3 years ago,1
Good,3 years ago,5
Good,3 years ago,5
Good,7 years ago,5
Haleyal. To. Yalapur,2 years ago,5
Full tacts you have,3 years ago,1
,2 years ago,5
Really awesome college 😊 …,5 years ago,5
Royal Mech Den..@@ VDRIT,9 years ago,5
,a week ago,1
,a month ago,5
,a month ago,5
,2 months ago,5
,4 months ago,1
,5 months ago,5
,6 months ago,5
Best place for timepass rather than studying. Placements! Forget about that in this college.,8 months ago,3
Very big and most popular college in haliyal best green and clean atmosphere,6 years ago,4
No principal and faculty and even lectures are appointed there own needs Don't think this is a enginnering college please join another college worst in my life I this join college...all around traveling 1 hour,a year ago,1
We are 3 years champions in kho kho at VDIT.....Under G S Yallur sir,3 years ago,4
