caption,relative_date,rating,username,n_review_user,n_photo_user,url_user
"I have Completed my Software Testing course in the DharwadHubliTutor, is the best place to students to develop there Skills,Mech branch Students can also be able to study clearly their doubts,the Trainer's are helpful And Guide the …",a month ago,5
I learnt C programming which helps me in further studies.I liked the way of teaching and the environment in the class and how they care each student and solve every single doubt of students.I am happy that it was worth joining this computer class.,7 months ago,5
"I had taken basic computer course and it has helped me a lot. The typing practise has actually increased my typing speed . I've more knowledge about Ms word ,Ms PPT , Ms Excel now .The teaching staff is really good and friendly. The best institute to learn.",11 months ago,5
"I didn't find any difficulty in doing Data Science , I found everything was just right. Always had good training and also my trainer used to clear my doubts after every class and also with some good advice attached. I personally think it's …",10 months ago,5
"It's a one of the best way to careers,....Multinational companies hire from us, and the list is still growing.",a month ago,5
Teaching is good.Got lots of programs from sir which gave good working experience. I think it will help a lot in future.,a year ago,5
"Best place to learn technologies, course was well organised, clear and easy to follow. Instructor is genius with excellent presentation skills.staff is  lively and encouraging.",a year ago,5
DharwadHubballiTutor is one of the best institute to learn .I had taken full stack development python its been great learning experience and My trainer Mr. Atharv sir is very experienced teacher and overall it was good experience,a year ago,5
"DharwadHubbali tutor is a very good institute, honestly Its fun to learn here, teachers are very co operative and clear ur doubts quickly, teaching method is effective.",7 months ago,5
I have a great learning experience here.. The teaching technique is very best . Day by day implementation is there in learning.. And lots of projects given by the sir which are helping me lot to learn new things.,a year ago,5
"I have Completed my Software Testing course in the DharwadHubliTutor, is the best place to students to develop there Skills,Mech branch Students can also be able to study clearly their doubts,the Trainer's are helpful And Guide the …",a month ago,5
I learnt C programming which helps me in further studies.I liked the way of teaching and the environment in the class and how they care each student and solve every single doubt of students.I am happy that it was worth joining this computer class.,7 months ago,5
"I had taken basic computer course and it has helped me a lot. The typing practise has actually increased my typing speed . I've more knowledge about Ms word ,Ms PPT , Ms Excel now .The teaching staff is really good and friendly. The best institute to learn.",11 months ago,5
"I didn't find any difficulty in doing Data Science , I found everything was just right. Always had good training and also my trainer used to clear my doubts after every class and also with some good advice attached. I personally think it's …",10 months ago,5
"It's a one of the best way to careers,....Multinational companies hire from us, and the list is still growing.",a month ago,5
Teaching is good.Got lots of programs from sir which gave good working experience. I think it will help a lot in future.,a year ago,5
"Best place to learn technologies, course was well organised, clear and easy to follow. Instructor is genius with excellent presentation skills.staff is  lively and encouraging.",a year ago,5
DharwadHubballiTutor is one of the best institute to learn .I had taken full stack development python its been great learning experience and My trainer Mr. Atharv sir is very experienced teacher and overall it was good experience,a year ago,5
"DharwadHubbali tutor is a very good institute, honestly Its fun to learn here, teachers are very co operative and clear ur doubts quickly, teaching method is effective.",7 months ago,5
I have a great learning experience here.. The teaching technique is very best . Day by day implementation is there in learning.. And lots of projects given by the sir which are helping me lot to learn new things.,a year ago,5
DharwadHubballiTutor is one of the best institute to learn .I had taken Cloud computing its been great learning experience and My trainer Mr. Basavaraju sir is very experienced teacher and overall it was good experience .,a year ago,5
Dharwad Hubballi Tutor is the best place to learning... I have completed advance excel course.. it is very helpful to improve my skills & i really enjoyed the classes because of staff are very friendly and supportive... I recommend to join the totur it is very helpful to improve your skills.,a year ago,5
"I have a great learning experience from this institute , I have completed advance Excel course. A teaching is good and it help me to improve my skills. I would recommend you guys to join this institute.",a year ago,5
I joined hear as an Intern and my overall experience in this institution has been Good. Got to learn web-technologies in-depth with hands-on experience on the same. It had been an amazing work experience!,a year ago,5
"actually, at the beginning I was really worried that how my project will work. But here, the guidance of the teachers are commendable and I really enjoyed the work with learning....",7 months ago,4
Hi I have taken a c programming class in this tutor  my experience was good and teaching is best. With my experience it is very good join in this tutor they explain each thing with detailed.,a year ago,5
"My internship is going absolutely good , iam Taking python programming here,especially sir has good practical knowledge  and u can feel friendly environment  here and easy to find location of place and pc facility is also available.one of the best tutor near hubli-dharwad, worth to visit....",a year ago,5
I have completed my basic python language in this branch and the faculty is convenient to all the students overall its a good place to learn programming language,a year ago,5
Good experience of learning and most theory oriented and practicle part we are not practiced well but good place to learn basic software learning like Python Sql.,a year ago,5
"DharwadHubballiiTutor classes are really excellent,i took  C language and each lecture was deep and also learnt many programs,also facilitate is also so friendly.... overall i really suggest to join DHARWADHUBBALLIiTUTOR ..they are the best👍🏻 …",a year ago,5
"I have Completed my Software Testing course in the DharwadHubliTutor, is the best place to students to develop there Skills,Mech branch Students can also be able to study clearly their doubts,the Trainer's are helpful And Guide the …",a month ago,5
I learnt C programming which helps me in further studies.I liked the way of teaching and the environment in the class and how they care each student and solve every single doubt of students.I am happy that it was worth joining this computer class.,7 months ago,5
"I had taken basic computer course and it has helped me a lot. The typing practise has actually increased my typing speed . I've more knowledge about Ms word ,Ms PPT , Ms Excel now .The teaching staff is really good and friendly. The best institute to learn.",11 months ago,5
"I didn't find any difficulty in doing Data Science , I found everything was just right. Always had good training and also my trainer used to clear my doubts after every class and also with some good advice attached. I personally think it's …",10 months ago,5
"It's a one of the best way to careers,....Multinational companies hire from us, and the list is still growing.",a month ago,5
Teaching is good.Got lots of programs from sir which gave good working experience. I think it will help a lot in future.,a year ago,5
"Best place to learn technologies, course was well organised, clear and easy to follow. Instructor is genius with excellent presentation skills.staff is  lively and encouraging.",a year ago,5
DharwadHubballiTutor is one of the best institute to learn .I had taken full stack development python its been great learning experience and My trainer Mr. Atharv sir is very experienced teacher and overall it was good experience,a year ago,5
"DharwadHubbali tutor is a very good institute, honestly Its fun to learn here, teachers are very co operative and clear ur doubts quickly, teaching method is effective.",7 months ago,5
I have a great learning experience here.. The teaching technique is very best . Day by day implementation is there in learning.. And lots of projects given by the sir which are helping me lot to learn new things.,a year ago,5
DharwadHubballiTutor is one of the best institute to learn .I had taken Cloud computing its been great learning experience and My trainer Mr. Basavaraju sir is very experienced teacher and overall it was good experience .,a year ago,5
Dharwad Hubballi Tutor is the best place to learning... I have completed advance excel course.. it is very helpful to improve my skills & i really enjoyed the classes because of staff are very friendly and supportive... I recommend to join the totur it is very helpful to improve your skills.,a year ago,5
"I have a great learning experience from this institute , I have completed advance Excel course. A teaching is good and it help me to improve my skills. I would recommend you guys to join this institute.",a year ago,5
I joined hear as an Intern and my overall experience in this institution has been Good. Got to learn web-technologies in-depth with hands-on experience on the same. It had been an amazing work experience!,a year ago,5
"actually, at the beginning I was really worried that how my project will work. But here, the guidance of the teachers are commendable and I really enjoyed the work with learning....",7 months ago,4
Hi I have taken a c programming class in this tutor  my experience was good and teaching is best. With my experience it is very good join in this tutor they explain each thing with detailed.,a year ago,5
"My internship is going absolutely good , iam Taking python programming here,especially sir has good practical knowledge  and u can feel friendly environment  here and easy to find location of place and pc facility is also available.one of the best tutor near hubli-dharwad, worth to visit....",a year ago,5
I have completed my basic python language in this branch and the faculty is convenient to all the students overall its a good place to learn programming language,a year ago,5
Good experience of learning and most theory oriented and practicle part we are not practiced well but good place to learn basic software learning like Python Sql.,a year ago,5
"DharwadHubballiiTutor classes are really excellent,i took  C language and each lecture was deep and also learnt many programs,also facilitate is also so friendly.... overall i really suggest to join DHARWADHUBBALLIiTUTOR ..they are the best👍🏻 …",a year ago,5
It's glad to learn in dharwadhuballi tutor as the teachers are very cooperative and teaching method is effective.,7 months ago,5
Taking java full stack course it’s going well,a week ago,5
I have completed my full stack web development course at Dharwad Hubballi tutorial with in 3 months l got placed so they helped me lot thankyou.,a year ago,5
"The teaching is wonderful and I was able to understand all the things very clearly and we enjoyed our every session and every day new topic and new tasks so we can able understand so easily and adapt to it ,The topics will explained very neatly and in a very good understanding way and it's really a good experience we are having here.",a year ago,5
It was as really wonderfull experience doing internship in dharwadhubballitutor on python full stack,7 months ago,5
It was great experience learning python fullstack web development internship.,7 months ago,5
I am attending DharwadHublliTutor for c programming and it is helping me a lot.Great teaching and all your doubts will be cleared.Over all i am having good experience in this institute.,a year ago,5
I had taken c programming course at dharwadHubballiTutor and it helped me a lot .Teaching is very good and they will teach from basics.I had a great experience.,a year ago,5
"You will be able to easily understand the programming languages, I think it's the best tutor if you are interested in learning the software skills you can come here.... overall good experience",2 years ago,5
DharwadHubballi tutor is the best place to learn c programming or any other course and Staf is very supportive.. I really enjoyed the classes 👍 …,a year ago,5
"I have Completed my Software Testing course in the DharwadHubliTutor, is the best place to students to develop there Skills,Mech branch Students can also be able to study clearly their doubts,the Trainer's are helpful And Guide the …",a month ago,5
I learnt C programming which helps me in further studies.I liked the way of teaching and the environment in the class and how they care each student and solve every single doubt of students.I am happy that it was worth joining this computer class.,7 months ago,5
"I had taken basic computer course and it has helped me a lot. The typing practise has actually increased my typing speed . I've more knowledge about Ms word ,Ms PPT , Ms Excel now .The teaching staff is really good and friendly. The best institute to learn.",11 months ago,5
"I didn't find any difficulty in doing Data Science , I found everything was just right. Always had good training and also my trainer used to clear my doubts after every class and also with some good advice attached. I personally think it's …",10 months ago,5
"It's a one of the best way to careers,....Multinational companies hire from us, and the list is still growing.",a month ago,5
Teaching is good.Got lots of programs from sir which gave good working experience. I think it will help a lot in future.,a year ago,5
"Best place to learn technologies, course was well organised, clear and easy to follow. Instructor is genius with excellent presentation skills.staff is  lively and encouraging.",a year ago,5
DharwadHubballiTutor is one of the best institute to learn .I had taken full stack development python its been great learning experience and My trainer Mr. Atharv sir is very experienced teacher and overall it was good experience,a year ago,5
"DharwadHubbali tutor is a very good institute, honestly Its fun to learn here, teachers are very co operative and clear ur doubts quickly, teaching method is effective.",7 months ago,5
I have a great learning experience here.. The teaching technique is very best . Day by day implementation is there in learning.. And lots of projects given by the sir which are helping me lot to learn new things.,a year ago,5
DharwadHubballiTutor is one of the best institute to learn .I had taken Cloud computing its been great learning experience and My trainer Mr. Basavaraju sir is very experienced teacher and overall it was good experience .,a year ago,5
Dharwad Hubballi Tutor is the best place to learning... I have completed advance excel course.. it is very helpful to improve my skills & i really enjoyed the classes because of staff are very friendly and supportive... I recommend to join the totur it is very helpful to improve your skills.,a year ago,5
"I have a great learning experience from this institute , I have completed advance Excel course. A teaching is good and it help me to improve my skills. I would recommend you guys to join this institute.",a year ago,5
I joined hear as an Intern and my overall experience in this institution has been Good. Got to learn web-technologies in-depth with hands-on experience on the same. It had been an amazing work experience!,a year ago,5
"actually, at the beginning I was really worried that how my project will work. But here, the guidance of the teachers are commendable and I really enjoyed the work with learning....",7 months ago,4
Hi I have taken a c programming class in this tutor  my experience was good and teaching is best. With my experience it is very good join in this tutor they explain each thing with detailed.,a year ago,5
"My internship is going absolutely good , iam Taking python programming here,especially sir has good practical knowledge  and u can feel friendly environment  here and easy to find location of place and pc facility is also available.one of the best tutor near hubli-dharwad, worth to visit....",a year ago,5
I have completed my basic python language in this branch and the faculty is convenient to all the students overall its a good place to learn programming language,a year ago,5
Good experience of learning and most theory oriented and practicle part we are not practiced well but good place to learn basic software learning like Python Sql.,a year ago,5
"DharwadHubballiiTutor classes are really excellent,i took  C language and each lecture was deep and also learnt many programs,also facilitate is also so friendly.... overall i really suggest to join DHARWADHUBBALLIiTUTOR ..they are the best👍🏻 …",a year ago,5
It's glad to learn in dharwadhuballi tutor as the teachers are very cooperative and teaching method is effective.,7 months ago,5
Taking java full stack course it’s going well,a week ago,5
I have completed my full stack web development course at Dharwad Hubballi tutorial with in 3 months l got placed so they helped me lot thankyou.,a year ago,5
"The teaching is wonderful and I was able to understand all the things very clearly and we enjoyed our every session and every day new topic and new tasks so we can able understand so easily and adapt to it ,The topics will explained very neatly and in a very good understanding way and it's really a good experience we are having here.",a year ago,5
It was as really wonderfull experience doing internship in dharwadhubballitutor on python full stack,7 months ago,5
It was great experience learning python fullstack web development internship.,7 months ago,5
I am attending DharwadHublliTutor for c programming and it is helping me a lot.Great teaching and all your doubts will be cleared.Over all i am having good experience in this institute.,a year ago,5
I had taken c programming course at dharwadHubballiTutor and it helped me a lot .Teaching is very good and they will teach from basics.I had a great experience.,a year ago,5
"You will be able to easily understand the programming languages, I think it's the best tutor if you are interested in learning the software skills you can come here.... overall good experience",2 years ago,5
DharwadHubballi tutor is the best place to learn c programming or any other course and Staf is very supportive.. I really enjoyed the classes 👍 …,a year ago,5
"Great place to gain a foundation in c programming , They pay special attention to the individual's requirements , staff in dharwadhuballi tutor are very friendly and motivational.",a year ago,5
Sir Urs teaching is very good. I understand all the concepts clearly.i am happy for this we get best tutor to learn the python,a year ago,5
Super experience....I felt happy to learn more about python ..and teaching was absolutely perfect....I felt like 💯 Knowledge gaining way...from this tutor …,a year ago,5
"One of the best institute for Software Testing Training, Full-stack development, Digital Marketing, Advance Excel.  100% placement assistance institute.",a year ago,5
It was probably a best platform to complete my C programming course  Thank u so much sir and madam for helping us out so well in completing our course.,a year ago,5
Good place to learn web designing and convenient environment with good guide.,6 months ago,5
The teachers are very friendly and good platform for students to build their carrier,7 months ago,5
I have taken java programming course. I  have gained new tools and information that has already helped me. Very useful and informative,a year ago,5
I have completed my basic python course here. It was an great experience and the faculty is good.,a year ago,5
I had went to DharwadHubballiTutor for my college project and they really supported and helped me through it. At the end my project had been really successful. It was a good experience. Thank you.,a year ago,5
"I have Completed my Software Testing course in the DharwadHubliTutor, is the best place to students to develop there Skills,Mech branch Students can also be able to study clearly their doubts,the Trainer's are helpful And Guide the …",a month ago,5
I learnt C programming which helps me in further studies.I liked the way of teaching and the environment in the class and how they care each student and solve every single doubt of students.I am happy that it was worth joining this computer class.,7 months ago,5
"I had taken basic computer course and it has helped me a lot. The typing practise has actually increased my typing speed . I've more knowledge about Ms word ,Ms PPT , Ms Excel now .The teaching staff is really good and friendly. The best institute to learn.",11 months ago,5
"I didn't find any difficulty in doing Data Science , I found everything was just right. Always had good training and also my trainer used to clear my doubts after every class and also with some good advice attached. I personally think it's …",10 months ago,5
"It's a one of the best way to careers,....Multinational companies hire from us, and the list is still growing.",a month ago,5
Teaching is good.Got lots of programs from sir which gave good working experience. I think it will help a lot in future.,a year ago,5
"Best place to learn technologies, course was well organised, clear and easy to follow. Instructor is genius with excellent presentation skills.staff is  lively and encouraging.",a year ago,5
DharwadHubballiTutor is one of the best institute to learn .I had taken full stack development python its been great learning experience and My trainer Mr. Atharv sir is very experienced teacher and overall it was good experience,a year ago,5
"DharwadHubbali tutor is a very good institute, honestly Its fun to learn here, teachers are very co operative and clear ur doubts quickly, teaching method is effective.",7 months ago,5
I have a great learning experience here.. The teaching technique is very best . Day by day implementation is there in learning.. And lots of projects given by the sir which are helping me lot to learn new things.,a year ago,5
DharwadHubballiTutor is one of the best institute to learn .I had taken Cloud computing its been great learning experience and My trainer Mr. Basavaraju sir is very experienced teacher and overall it was good experience .,a year ago,5
Dharwad Hubballi Tutor is the best place to learning... I have completed advance excel course.. it is very helpful to improve my skills & i really enjoyed the classes because of staff are very friendly and supportive... I recommend to join the totur it is very helpful to improve your skills.,a year ago,5
"I have a great learning experience from this institute , I have completed advance Excel course. A teaching is good and it help me to improve my skills. I would recommend you guys to join this institute.",a year ago,5
I joined hear as an Intern and my overall experience in this institution has been Good. Got to learn web-technologies in-depth with hands-on experience on the same. It had been an amazing work experience!,a year ago,5
"actually, at the beginning I was really worried that how my project will work. But here, the guidance of the teachers are commendable and I really enjoyed the work with learning....",7 months ago,4
Hi I have taken a c programming class in this tutor  my experience was good and teaching is best. With my experience it is very good join in this tutor they explain each thing with detailed.,a year ago,5
"My internship is going absolutely good , iam Taking python programming here,especially sir has good practical knowledge  and u can feel friendly environment  here and easy to find location of place and pc facility is also available.one of the best tutor near hubli-dharwad, worth to visit....",a year ago,5
I have completed my basic python language in this branch and the faculty is convenient to all the students overall its a good place to learn programming language,a year ago,5
Good experience of learning and most theory oriented and practicle part we are not practiced well but good place to learn basic software learning like Python Sql.,a year ago,5
"DharwadHubballiiTutor classes are really excellent,i took  C language and each lecture was deep and also learnt many programs,also facilitate is also so friendly.... overall i really suggest to join DHARWADHUBBALLIiTUTOR ..they are the best👍🏻 …",a year ago,5
It's glad to learn in dharwadhuballi tutor as the teachers are very cooperative and teaching method is effective.,7 months ago,5
Taking java full stack course it’s going well,a week ago,5
I have completed my full stack web development course at Dharwad Hubballi tutorial with in 3 months l got placed so they helped me lot thankyou.,a year ago,5
"The teaching is wonderful and I was able to understand all the things very clearly and we enjoyed our every session and every day new topic and new tasks so we can able understand so easily and adapt to it ,The topics will explained very neatly and in a very good understanding way and it's really a good experience we are having here.",a year ago,5
It was as really wonderfull experience doing internship in dharwadhubballitutor on python full stack,7 months ago,5
It was great experience learning python fullstack web development internship.,7 months ago,5
I am attending DharwadHublliTutor for c programming and it is helping me a lot.Great teaching and all your doubts will be cleared.Over all i am having good experience in this institute.,a year ago,5
I had taken c programming course at dharwadHubballiTutor and it helped me a lot .Teaching is very good and they will teach from basics.I had a great experience.,a year ago,5
"You will be able to easily understand the programming languages, I think it's the best tutor if you are interested in learning the software skills you can come here.... overall good experience",2 years ago,5
DharwadHubballi tutor is the best place to learn c programming or any other course and Staf is very supportive.. I really enjoyed the classes 👍 …,a year ago,5
"Great place to gain a foundation in c programming , They pay special attention to the individual's requirements , staff in dharwadhuballi tutor are very friendly and motivational.",a year ago,5
Sir Urs teaching is very good. I understand all the concepts clearly.i am happy for this we get best tutor to learn the python,a year ago,5
Super experience....I felt happy to learn more about python ..and teaching was absolutely perfect....I felt like 💯 Knowledge gaining way...from this tutor …,a year ago,5
"One of the best institute for Software Testing Training, Full-stack development, Digital Marketing, Advance Excel.  100% placement assistance institute.",a year ago,5
It was probably a best platform to complete my C programming course  Thank u so much sir and madam for helping us out so well in completing our course.,a year ago,5
Good place to learn web designing and convenient environment with good guide.,6 months ago,5
