id_review,caption,relative_date,retrieval_date,rating,username,n_review_user,n_photo_user,url_user
id_review,caption,relative_date,retrieval_date,rating,username,n_review_user,n_photo_user,url_user
id_review,caption,relative_date,retrieval_date,rating,username,n_review_user,n_photo_user,url_user
id_review,caption,relative_date,retrieval_date,rating,username,n_review_user,n_photo_user,url_user
id_review,caption,relative_date,retrieval_date,rating,username,n_review_user,n_photo_user,url_user
id_review,caption,relative_date,retrieval_date,rating,username,n_review_user,n_photo_user,url_user
id_review,caption,relative_date,retrieval_date,rating,username,n_review_user,n_photo_user,url_user
id_review,caption,relative_date,retrieval_date,rating,username,n_review_user,n_photo_user,url_user
id_review,caption,relative_date,retrieval_date,rating,username,n_review_user,n_photo_user,url_user
id_review,caption,relative_date,retrieval_date,rating,username,n_review_user,n_photo_user,url_user
id_review,caption,relative_date,retrieval_date,rating,username,n_review_user,n_photo_user,url_user
id_review,caption,relative_date,retrieval_date,rating,username,n_review_user,n_photo_user,url_user
id_review,caption,relative_date,retrieval_date,rating,username,n_review_user,n_photo_user,url_user
id_review,caption,relative_date,retrieval_date,rating,username,n_review_user,n_photo_user,url_user
id_review,caption,relative_date,retrieval_date,rating,username,n_review_user,n_photo_user,url_user
id_review,caption,relative_date,retrieval_date,rating,username,n_review_user,n_photo_user,url_user
id_review,caption,relative_date,retrieval_date,rating,username,n_review_user,n_photo_user,url_user
id_review,caption,relative_date,retrieval_date,rating,username,n_review_user,n_photo_user,url_user
id_review,caption,relative_date,retrieval_date,rating,username,n_review_user,n_photo_user,url_user
id_review,caption,relative_date,retrieval_date,rating,username,n_review_user,n_photo_user,url_user
id_review,caption,relative_date,retrieval_date,rating,username,n_review_user,n_photo_user,url_user
id_review,caption,relative_date,retrieval_date,rating,username,n_review_user,n_photo_user,url_user
id_review,caption,relative_date,retrieval_date,rating,username,n_review_user,n_photo_user,url_user
id_review,caption,relative_date,retrieval_date,rating,username,n_review_user,n_photo_user,url_user
ChdDSUhNMG9nS0VJQ0FnSURWaU82SXlnRRAB,"Went with lot of expectations -Mutton Dham Biriyani was just of only 2 small pieces of roasted mutton, rest is ton of Basmati rice, i intented to eat Mutton but ate too much basmati rice....not worth, taste was average. Atmosphere is ok. Hygiene level is ok.",a month ago,2024-03-12 12:00:30.193165,3,Kiran Reddy
ChZDSUhNMG9nS0VJQ0FnSUMxbEoteVlREAE,Had biryani which was not that great. Only the tikka was better compared to other dishes. The service must also improve,2 months ago,2024-03-12 12:00:30.200147,2,Saish Borkar
ChZDSUhNMG9nS0VJQ0FnSUN0eE42X1l3EAE,Bad food quality . Wastage of money . We can get batter food in the other hostels . Service was also not  good the manager is very very very  very bad behaviour with castmar . . 😡🤬😡😡🤬😡🤯 …,a month ago,2024-03-12 12:00:30.211117,1,Nayeem Nayeem
ChZDSUhNMG9nS0VJQ0FnSUQxel95WlFBEAE,Worst I ordered full mutton biriani they gave me kushka with 2 bone pice,2 months ago,2024-03-12 12:00:30.229068,1,sunny kalal
ChdDSUhNMG9nS0VJQ0FnSURCOE92cWlRRRAB,Food is great in taste with pleasant ambiance for family tasted chicken dum biryani chicken schezwan fried rice and jeera rice every item tastes good and having balanced flavours especially jeera rice… must try if u r in dharwad,a year ago,2024-03-12 12:00:30.238324,4,Arun Nethula
ChZDSUhNMG9nS0VJQ0FnSURWay1yU0FnEAE,The taste of the food is very nice and the service is also good.  However the location and atmosphere could have been better. …,2 months ago,2024-03-12 12:00:30.242317,4,Rishiraj Singh Ranawat
ChdDSUhNMG9nS0VJQ0FnSURwNjY3Xy1nRRAB,"A great place if you want to enjoy a meal alone, with family, or anybody. I've visited this place for years and it's still great and improving, you gotta check it out",2 months ago,2024-03-12 12:00:30.248302,5,Avan
ChdDSUhNMG9nS0VJQ0FnSURKaWZycmtBRRAB,Good food but the environment could be much better,7 months ago,2024-03-12 12:00:30.254286,4,deepti kulkarni
ChdDSUhNMG9nS0VJQ0FnSURkNm83Zjh3RRAB,Located at little busy area. But Briyani is ultimate. Hyderabad style briyani.,2 weeks ago,2024-03-12 12:00:30.260270,4,GUNA HAWK
ChdDSUhNMG9nS0VJQ0FnSUNsdGMzNjVBRRAB,I felt the chicken biryani is over hyped It was subtle in masala and the chicken quantity is less for the price . And the ambience is okay.Overall if you want to give it a try once you can.,3 months ago,2024-03-12 12:00:30.266256,3,Sanjay Burli
ChdDSUhNMG9nS0VJQ0FnSUM5aDVUOHl3RRAB,,a day ago,2024-03-12 12:01:38.026153,5,Mallavarapu Ammaji
ChdDSUhNMG9nS0VJQ0FnSUM5azdtVzFBRRAB,,2 days ago,2024-03-12 12:01:38.031141,5,Devika Holkundi
ChZDSUhNMG9nS0VJQ0FnSUM5NDgyUkVnEAE,,2 days ago,2024-03-12 12:01:38.038123,5,RAMDAS RAJ
ChZDSUhNMG9nS0VJQ0FnSUM5M2FfR2VBEAE,,3 days ago,2024-03-12 12:01:38.043694,4,Sohan R
ChdDSUhNMG9nS0VJQ0FnSUM5X3RfYV9BRRAB,,6 days ago,2024-03-12 12:01:38.048685,3,Sushist Ganachari
ChdDSUhNMG9nS0VJQ0FnSUM5anRLeXdRRRAB,Good food good,6 days ago,2024-03-12 12:01:38.055668,5,Minarul Sk
ChZDSUhNMG9nS0VJQ0FnSUM5MnZmY0VBEAE,Good restaurant Good food,a week ago,2024-03-12 12:01:38.060654,5,Asif khan Killedar
ChdDSUhNMG9nS0VJQ0FnSUM5dFB1dl9nRRAB,,a week ago,2024-03-12 12:01:38.066637,5,ritesh rajput
ChdDSUhNMG9nS0VJQ0FnSURkZzdhM2xBRRAB,,2 weeks ago,2024-03-12 12:01:38.072622,5,Vedanth Hiremath
ChZDSUhNMG9nS0VJQ0FnSURkcGNyTlFBEAE,,2 weeks ago,2024-03-12 12:01:38.078139,2,Manjunath Rabakavi
ChZDSUhNMG9nS0VJQ0FnSURkeGM2WlVnEAE,,2 weeks ago,2024-03-12 12:01:38.083130,5,Karthik Balehosur
ChdDSUhNMG9nS0VJQ0FnSUN1LWZtTWhRRRAB,,2 weeks ago,2024-03-12 12:01:38.092106,5,Gouskhan Shendewale
ChdDSUhNMG9nS0VJQ0FnSURlazZqZWtBRRAB,,2 weeks ago,2024-03-12 12:01:38.099088,5,Irfan Mulla
ChZDSUhNMG9nS0VJQ0FnSURkOXZhbVl3EAE,,2 weeks ago,2024-03-12 12:01:38.107068,4,Prashant Talavar
ChdDSUhNMG9nS0VJQ0FnSURkNm83Zjh3RRAB,Located at little busy area. But Briyani is ultimate. Hyderabad style briyani.,2 weeks ago,2024-03-12 12:01:38.112054,4,GUNA HAWK
ChRDSUhNMG9nS0VJQ0FnSURkN0lZZBAB,,2 weeks ago,2024-03-12 12:01:38.123023,1,Hussain Gachimehal
ChZDSUhNMG9nS0VJQ0FnSURkck1ua1BBEAE,,2 weeks ago,2024-03-12 12:01:38.131003,5,Mohammed Khalid Bijapur
ChdDSUhNMG9nS0VJQ0FnSURkdExLNHhnRRAB,,2 weeks ago,2024-03-12 12:01:38.136986,5,Balu Desai
ChdDSUhNMG9nS0VJQ0FnSURkaVBDUGxBRRAB,,2 weeks ago,2024-03-12 12:01:38.142972,4,Dr. Mohammed Iqbal Mulla
ChZDSUhNMG9nS0VJQ0FnSUNkLV9MZ0d3EAE,Worst service as waiter was partially delivering the food we have ordered.,3 weeks ago,2024-03-12 12:01:38.147956,1,Rakesh Hiremath
